ja3,ja4,ja4s,client
,t13i181000_85036bcba153_d41ae481755e,,Python
,t13d181000_85036bcba153_d41ae481755e,,Python
,t13d4312h1_c7886603b240_b26ce05bbdd6,,Python
,t13d1516h2_8daaf6152771_02713d6af862,,Chromium Browser
,t13d1517h2_8daaf6152771_b0da82dd1658,,Chromium Browser
,t13d1517h2_8daaf6152771_b1ff8ab2d16f,,Chromium Browser
,t13i1515h2_8daaf6152771_02713d6af862,,Chromium Browser
,t13i1516h2_8daaf6152771_b0da82dd1658,,Chromium Browser
,t13i1516h2_8daaf6152771_b1ff8ab2d16f,,Chromium Browser
,t13d1715h2_5b57614c22b0_7121afd63204,,Mozilla Firefox
,t13i1714h2_5b57614c22b0_7121afd63204,,Mozilla Firefox
,t13d2014h2_a09f3c656075_14788d8d241b,,Safari
,t13i2013h2_a09f3c656075_14788d8d241b,,Safari
,t13d190900_9dc949149365_97f8aa674fd9,t130200_1301_a56c5b993250,Sliver Agent / GoLang
,t13i190800_9dc949149365_97f8aa674fd9,t130200_1301_a56c5b993250,Sliver Agent / GoLang
,t13d201100_2b729b4bf6f3_9e7b989ebec8,t120300_c030_5e2616a54c73,IcedID
,t13d880900_fcb5b95cb75a_b0d3b4ac2a14,,SoftEther VPN Client
,t13i880900_fcb5b95cb75a_b0d3b4ac2a14,,SoftEther VPN Client
,t12i190700_d83cc789557e_16bbda4055b2,t120300_c030_52d195ce1d92,Cobalt Strike v4.9.1 beacon / Windows 10
,t12i210700_76e208dd3e22_16bbda4055b2,t120300_c030_52d195ce1d92,Cobalt Strike v4.9.1 beacon / Windows 10
,t12d190800_d83cc789557e_16bbda4055b2,t120300_c030_52d195ce1d92,Cobalt Strike v4.9.1 beacon / Windows 10
,t12d210800_76e208dd3e22_16bbda4055b2,t120300_c030_52d195ce1d92,Cobalt Strike v4.9.1 beacon / Windows 10
,t13d191000_9dc949149365_e7c285222651,,GoLang net package
,t13d1412h2_e33ad33b3d25_6b314db333b6,,GoLang webhooks
,t12d160700_8cdfa2d4673b_18dd7303c4a5,,GoLang
,t13d141000_cbb2034c60b8_e7c285222651,,GoLang
,t12d520600_b380db6257eb_0a9c83bf8b96,,LIFX Smart Bulbs
,t12d8008h1_9cedc1f1428b_046e095b7c4a,,Nest
,t12d350600_9d4c96c0953b_0a9c83bf8b96,,Phillips Hue Bridge
,t12d190800_d83cc789557e_7af1ed941c26,,"WinINET / Windows 10/11, GoLang"
d879bc8777862a634eecc81a0d21e701,t13d1305h2_bda08f0cbb17_c83d862dc2aa,,grip
ed329d72cdf273628e26e8e6f17110a9,t13i1305h2_bda08f0cbb17_c83d862dc2aa,,grip
